,date,diff
0,2018-11-05,-0.09167842031029738
1,2018-11-02,-0.036201222378937456
2,2018-11-01,0.06879799404481951
3,2018-10-31,0.0299326124431894
4,2018-10-30,-0.07255916000626939
5,2018-10-29,-0.2020059551794396
6,2018-10-26,0.5900329102021614
7,2018-10-25,-0.1938567622629691
8,2018-10-24,-0.5132424384892658
9,2018-10-23,0.8288669487541127
10,2018-10-22,-0.1114245416078995
11,2018-10-19,-0.35151230214699897
12,2018-10-18,-0.2885127722927444
13,2018-10-17,-0.4527503526093095
14,2018-10-16,0.22143864598025298
15,2018-10-15,-0.10327534869142901
16,2018-10-12,-0.18946873530794678
17,2018-10-11,-0.28600532831844533
18,2018-10-10,-0.3621689390377694
19,2018-10-09,0.11675286005328306
20,2018-10-08,-0.5574361385362794
21,2018-10-05,-0.5179438959410751
22,2018-10-04,-0.4997649271274101
23,2018-10-03,-0.387243378780755
24,2018-10-02,-0.5251527973671846
25,2018-10-01,0.03463406989500051
26,2018-09-28,-0.29196050775740556
27,2018-09-27,-0.2885127722927444
28,2018-09-26,0.12051402601472946
29,2018-09-25,-0.08885754583921035
30,2018-09-24,-0.08227550540667691
31,2018-09-21,-0.07600689547092873
32,2018-09-20,-0.2838113148409351
33,2018-09-19,0.46027268453220427
34,2018-09-18,-0.4875411377527044
35,2018-09-17,0.03055947343676349
36,2018-09-14,0.08196207490988819
37,2018-09-13,-0.07475317348378052
38,2018-09-12,0.16533458705532073
39,2018-09-11,-0.12082745651151998
40,2018-09-10,0.26375176304654424
41,2018-09-07,-0.021469989029933523
42,2018-09-06,-0.24055790628428264
43,2018-09-05,-0.25497570913649953
44,2018-09-04,-0.3703181319542399
45,2018-08-31,-0.13054380191192572
46,2018-08-30,-0.09199185080708444
47,2018-08-29,-0.28475160633129626
48,2018-08-28,-0.3251841404168634
49,2018-08-27,-0.08008149192916575
50,2018-08-24,-0.05343989970224136
51,2018-08-23,-0.0897978373295715
52,2018-08-22,-0.09575301676853262
53,2018-08-21,0.23397586585174573
54,2018-08-20,0.4046857859269696
55,2018-08-17,-0.6840620592383644
56,2018-08-16,-0.25967716658831064
57,2018-08-15,-0.22068327848299613
58,2018-08-14,-0.45870553204826886
59,2018-08-13,-0.2678263595047794
60,2018-08-10,-0.07318602099984348
61,2018-08-09,-0.5304811158125697
62,2018-08-08,-0.08070835292273987
63,2018-08-07,1.0
64,2018-08-06,-0.22864754740636217
65,2018-08-03,-0.10860366713681247
66,2018-08-02,0.5414511832001256
67,2018-08-01,-0.030559473436766946
68,2018-07-31,0.06472339758658427
69,2018-07-30,-0.29948283968030015
70,2018-07-27,-0.4355116752860056
71,2018-07-26,-0.06346967559943772
72,2018-07-25,0.2562294311236478
73,2018-07-24,-0.3390032910202171
74,2018-07-23,-0.07726061745807872
75,2018-07-20,-0.3596614950634712
76,2018-07-19,0.0023507287259056237
77,2018-07-18,-0.15593167215170012
78,2018-07-17,0.31515436451966716
79,2018-07-16,-0.170349475003917
80,2018-07-13,-0.016768531578122386
81,2018-07-12,-0.2678263595047812
82,2018-07-11,-0.020843128036359418
83,2018-07-10,-0.1853941388497098
84,2018-07-09,0.08446951888418638
85,2018-07-06,0.0037768374862863496
86,2018-07-05,-0.2640651935433312
87,2018-07-03,-0.7746434728099044
88,2018-07-02,-0.9034634069895006
89,2018-06-29,-0.44522802068641315
90,2018-06-28,-0.08008149192916575
91,2018-06-27,-0.1355586898605239
92,2018-06-26,0.06647860836859462
93,2018-06-25,-0.02930575144961696
94,2018-06-22,-0.6812411847672791
95,2018-06-21,-0.5740479548660092
96,2018-06-20,0.011126782635950211
97,2018-06-19,-0.51512302146999
98,2018-06-18,0.3637360915217048
99,2018-06-15,0.015828240087761347
100,2018-06-14,0.1963642062372674
101,2018-06-13,-0.18025387870239962
102,2018-06-12,-0.18037925090111337
103,2018-06-11,0.1806926813979005
104,2018-06-08,-0.16188685159065946
105,2018-06-07,-0.12176774800188113
106,2018-06-06,0.475630778874784
107,2018-06-05,-0.3258110014104375
108,2018-06-04,-0.044663845792195
109,2018-06-01,0.0669174110640954
110,2018-05-31,-0.19761792822441548
111,2018-05-30,0.1443347437705686
112,2018-05-29,0.044663845792195095
113,2018-05-25,-0.08149819777464345
114,2018-05-24,-0.13712584234445918
115,2018-05-23,-0.07882776994201576
116,2018-05-22,-0.5195737345243701
117,2018-05-21,-0.020843128036357628
118,2018-05-18,-0.36530324400564174
119,2018-05-17,-0.16251371258423358
120,2018-05-16,-0.03682808337251156
121,2018-05-15,-0.14590189625450556
122,2018-05-14,-0.47563077887478394
123,2018-05-11,-0.32800501488794864
124,2018-05-10,-0.19760852530951423
125,2018-05-09,0.08196207490988819
126,2018-05-08,-0.08306848456354758
127,2018-05-07,0.045290706785769214
128,2018-05-04,0.22770725591599938
129,2018-05-03,0.05751449616047494
130,2018-05-02,-0.03902209685002449
131,2018-05-01,0.08102178341952701
132,2018-04-30,-0.11079768061432539
133,2018-04-27,0.1529540824322197
134,2018-04-26,0.0910515593167216
135,2018-04-25,-0.20796113461839894
136,2018-04-24,-0.16815546152640765
137,2018-04-23,-0.36812411847672877
138,2018-04-20,-0.2744083999373146
139,2018-04-19,0.16220028208744663
140,2018-04-18,-0.04873844225043024
141,2018-04-17,-0.15687196364206307
142,2018-04-16,-0.3640495220184935
143,2018-04-13,-0.22206550697383054
144,2018-04-12,-0.3781538943739233
145,2018-04-11,-0.11394138849710074
146,2018-04-10,0.059708509637986074
147,2018-04-09,-0.45557122708039477
148,2018-04-06,-0.17317034947500404
149,2018-04-05,0.3935119887165033
150,2018-04-04,0.9507914120043874
151,2018-04-03,-0.19166274878545794
152,2018-04-02,-0.23836389280677062
153,2018-03-29,0.1822598338818358
154,2018-03-28,-0.3330199028365468
155,2018-03-27,-0.8978216580473283
156,2018-03-26,-0.21893120200595467
157,2018-03-23,-0.424228177401661
158,2018-03-22,-0.27002037298229054
159,2018-03-21,0.07694718696128999
160,2018-03-20,-0.2552891396332866
161,2018-03-19,-0.21203573107663415
162,2018-03-16,-0.26437862404011825
163,2018-03-15,-0.23836389280676973
164,2018-03-14,-0.43739225826672967
165,2018-03-13,-0.21642375803165825
166,2018-03-12,0.40981037454944247
167,2018-03-09,-0.023664002507444673
168,2018-03-08,-0.2377370318131956
169,2018-03-07,0.09512615577495684
170,2018-03-06,-0.2938410907381297
171,2018-03-05,-0.0897978373295715
172,2018-03-02,0.13524525936373516
173,2018-03-01,-0.5611973044977276
174,2018-02-28,-0.4179595674659146
175,2018-02-27,-0.28475160633129626
176,2018-02-26,0.0029775897194797285
177,2018-02-23,0.012380504623100197
178,2018-02-22,0.21360288356057133
179,2018-02-21,-0.20545369064409894
180,2018-02-20,-0.11048425011753835
181,2018-02-16,-0.02617144648174287
182,2018-02-15,0.17990910515593111
183,2018-02-14,-0.07381288199341758
184,2018-02-13,0.15091678420310384
185,2018-02-12,-0.13242438489264982
186,2018-02-09,-0.4179595674659146
187,2018-02-08,-1.0
188,2018-02-07,0.06848456354803245
189,2018-02-06,0.15467795016455205
190,2018-02-05,-0.27158752546622933
191,2018-02-02,-0.2668860680144182
192,2018-02-01,-0.17473750195894108
193,2018-01-31,0.09324557279423276
194,2018-01-30,-0.09857389123961788
195,2018-01-29,0.183513555868984
196,2018-01-26,-0.07757404795486578
197,2018-01-25,-0.4530637831060966
198,2018-01-24,-0.39225826672935316
199,2018-01-23,-0.3458705532048267
200,2018-01-22,-0.052186177715091375
201,2018-01-19,0.03745494436608576
202,2018-01-18,-0.15436451966776488
203,2018-01-17,0.08979783732957161
204,2018-01-16,-0.04090267983074858
205,2018-01-12,-0.19542391474690435
206,2018-01-11,-0.034947500391789246
207,2018-01-10,-0.038395235856448606
208,2018-01-09,-0.1659614480488965
209,2018-01-08,0.5198244789217994
210,2018-01-05,-0.12114088700830702
211,2018-01-04,-0.065036828083373
212,2018-01-03,-0.23742360131640855
213,2018-01-02,0.1474690487384409
214,2017-12-29,-0.2712740949694405
215,2017-12-28,-0.006738755680927813
216,2017-12-27,-0.2565428616204366
217,2017-12-26,-0.32487070992007455
218,2017-12-22,-0.25497570913649953
219,2017-12-21,-0.05500705218617663
220,2017-12-20,-0.2361698793292586
221,2017-12-19,-0.4069895000783571
222,2017-12-18,-0.30888575458392065
223,2017-12-15,-0.07569346497414346
224,2017-12-14,-0.21767748001880644
225,2017-12-13,-0.17943895941075222
226,2017-12-12,0.21172230057984542
227,2017-12-11,0.3276915843911617
228,2017-12-08,-0.10327534869142901
229,2017-12-07,-0.1437078827769944
230,2017-12-06,0.292587368750978
231,2017-12-05,-0.06660398056731004
232,2017-12-04,-0.16063312960351125
233,2017-12-01,-0.08572324087133804
234,2017-11-30,-0.11079768061432362
235,2017-11-29,-0.42579532988559804
236,2017-11-28,-0.08258893590346396
237,2017-11-27,-0.008305908164864845
238,2017-11-24,-0.06472339758658593
239,2017-11-22,-0.2505876821814754
240,2017-11-21,0.0979470302460421
241,2017-11-20,-0.2781695658987628
242,2017-11-17,-0.4527503526093095
243,2017-11-16,-0.1665883090424706
244,2017-11-15,0.04591756777934508
245,2017-11-14,-0.31734837799717996
246,2017-11-13,0.3587212035731066
247,2017-11-10,-0.10452907067857722
248,2017-11-09,-0.10452907067857722
249,2017-11-08,-0.1546779501645519
250,2017-11-07,0.0377683748628746
251,2017-11-06,-0.2521548346654143
252,2017-11-03,0.08666353236169752
253,2017-11-02,-0.14715561824165554
254,2017-11-01,-0.46998902993261343
255,2017-10-31,0.2342892963485328
256,2017-10-30,-0.09167842031029738
257,2017-10-27,-0.08478294938097511
258,2017-10-26,-0.170349475003917
259,2017-10-25,-0.4602726845322059
260,2017-10-24,-0.16564801755210945
261,2017-10-23,-0.5229587838896734
262,2017-10-20,-0.3577809120827453
263,2017-10-19,-0.23742360131640855
264,2017-10-18,-0.004544742203418439
265,2017-10-17,0.031813195423913476
266,2017-10-16,-0.21893120200595467
267,2017-10-13,-0.1640808650681724
268,2017-10-12,-0.03432063939821335
269,2017-10-11,-0.09763359974925494
270,2017-10-10,0.1556182416549114
271,2017-10-09,-0.3301990283654598
272,2017-10-06,-0.0014104372355443484
273,2017-10-05,-0.14088700830590914
274,2017-10-04,-0.0020372982291184533
275,2017-10-03,0.26375176304654424
276,2017-10-02,-0.15091678420310373
277,2017-09-29,-0.1437078827769944
278,2017-09-28,-0.12866321893120164
279,2017-09-27,-0.3997805986522478
280,2017-09-26,-0.2979156871963649
281,2017-09-25,-0.37564645039962336
282,2017-09-22,-0.6025701300736577
283,2017-09-21,-0.38379564331609384
284,2017-09-20,-0.09136498981350855
285,2017-09-19,-0.2734681084469517
286,2017-09-18,0.02899232095282822
287,2017-09-15,0.04623099827613214
288,2017-09-14,0.2972888262027891
289,2017-09-13,-0.04435041529540794
290,2017-09-12,-0.17442407146215402
291,2017-09-11,0.26688606801441656
292,2017-09-08,-0.29509481272527965
293,2017-09-07,0.02523115499138004
294,2017-09-06,-0.2756621219244646
295,2017-09-05,-0.2518414041686272
296,2017-09-01,-0.14245416078984618
297,2017-08-31,-0.04623099827613382
298,2017-08-30,-0.00987306064880189
299,2017-08-29,0.1270960664472647
300,2017-08-28,-0.17066290550070407
301,2017-08-25,-0.3139006425325188
302,2017-08-24,-0.10703651465287542
303,2017-08-23,0.31202005955179307
304,2017-08-22,-0.11299169409183477
305,2017-08-21,-0.369377840463877
306,2017-08-18,-0.2907067857702573
307,2017-08-17,-0.41106409653659237
308,2017-08-16,-0.1227080394922423
309,2017-08-15,-0.209841717599123
310,2017-08-14,-0.14590189625450556
311,2017-08-11,-0.09167842031029738
312,2017-08-10,-0.31421407302930765
313,2017-08-09,-0.04058924933396153
314,2017-08-08,0.12114088700830714
315,2017-08-07,-0.18821501332079682
316,2017-08-04,0.19072245729509513
317,2017-08-03,-0.06472339758658593
318,2017-08-02,0.0979470302460421
319,2017-08-01,-0.227393825419214
320,2017-07-31,-0.4969440526563231
321,2017-07-28,-0.17693151543645225
322,2017-07-27,-0.48158595831374507
323,2017-07-26,-0.010499921642375995
324,2017-07-25,-0.28913963328631853
325,2017-07-24,0.2650054850336924
326,2017-07-21,-0.15311079768061486
327,2017-07-20,-0.025231154991379928
328,2017-07-19,-0.2129760225669971
329,2017-07-18,0.21673718852844365
330,2017-07-17,-0.3070051716031983
331,2017-07-14,0.023977433004230053
332,2017-07-13,-0.3298855978686728
333,2017-07-12,-0.14746904873844258
334,2017-07-11,0.23178185237423637
335,2017-07-10,-0.021156558533144687
336,2017-07-07,-0.12866321893120164
337,2017-07-06,-0.3841090738128827
338,2017-07-05,-0.750195894060493
339,2017-07-03,-0.6721517003604457
340,2017-06-30,-0.18570756934649682
341,2017-06-29,-0.42892963485347213
342,2017-06-28,0.023037141513868903
343,2017-06-27,-0.5596301520137905
344,2017-06-26,-0.4082432220655071
345,2017-06-23,-0.08854411534242329
346,2017-06-22,0.02491772449459298
347,2017-06-21,-0.0556339131797543
348,2017-06-20,-0.25873687509794774
349,2017-06-19,-0.2828710233505721
350,2017-06-16,-0.32612443190722634
351,2017-06-15,-0.030872903933554005
352,2017-06-14,-0.13336467638301097
353,2017-06-13,0.1412004388026945
354,2017-06-12,-0.0879172543488492
355,2017-06-09,-0.6558533145275047
356,2017-06-08,0.07600689547092884
357,2017-06-07,-0.01614167058454828
358,2017-06-06,0.135558689860524
359,2017-06-05,0.15655853314527435
360,2017-06-02,-0.11737972104685705
361,2017-06-01,-0.23366243535496037
362,2017-05-31,-0.015828240087761236
363,2017-05-30,0.16533458705532073
364,2017-05-26,0.1264692054536906
365,2017-05-25,0.06221595361228607
366,2017-05-24,-0.0036044507130537223
367,2017-05-23,-0.32675129290079863
368,2017-05-22,-0.19667763673405436
369,2017-05-19,-0.2662592070208441
370,2017-05-18,0.0700517160319695
371,2017-05-17,-0.37940761636107156
372,2017-05-16,-0.1380661338348221
373,2017-05-15,-0.19824478921799138
374,2017-05-12,-0.14088700830590914
375,2017-05-11,-0.12929007992477573
376,2017-05-10,-0.005171603196990768
377,2017-05-09,0.25246826516219967
378,2017-05-08,-0.2361698793292586
379,2017-05-05,0.2045133991537379
380,2017-05-04,-0.49537690017238784
381,2017-05-03,-0.3283184453847375
382,2017-05-02,-0.28005014887948687
383,2017-05-01,0.12929007992477584
384,2017-04-28,0.013007365616674316
385,2017-04-27,-0.21579689703808236
386,2017-04-26,-0.1888418743143709
387,2017-04-25,0.061589092618711955
388,2017-04-24,-0.1571853941388519
389,2017-04-21,-0.007052186177714859
390,2017-04-20,-0.245259363736092
391,2017-04-19,-0.02397743300423172
392,2017-04-18,-0.10264848769785312
393,2017-04-17,-0.15937940761636127
394,2017-04-13,0.10891709763359964
395,2017-04-12,-0.41764613696912756
396,2017-04-11,-0.2662592070208441
397,2017-04-10,-0.018335684062059432
398,2017-04-07,0.03808180535966166
399,2017-04-06,-0.06284281460586184
400,2017-04-05,-0.34054223475944323
401,2017-04-04,0.0935590032910198
402,2017-04-03,0.24431907224572919
403,2017-03-31,-0.13336467638301275
404,2017-03-30,-0.12364833098260523
405,2017-03-29,-0.1499764927127408
406,2017-03-28,-0.10640965365930131
407,2017-03-27,0.1816329728882617
408,2017-03-24,0.1139319855821978
409,2017-03-23,-0.13900642532518415
410,2017-03-22,-0.011753643629525995
411,2017-03-21,-0.5007052186177713
412,2017-03-20,-0.07851433944522872
413,2017-03-17,-0.19824478921799138
414,2017-03-16,-0.13085723240871278
415,2017-03-15,-0.15969283811314922
416,2017-03-14,0.2527816956589867
417,2017-03-13,-0.07757404795486667
418,2017-03-10,-0.1988716502115664
419,2017-03-09,-0.20545369064409982
420,2017-03-08,-0.12396176147939228
421,2017-03-07,-0.2242595204513399
422,2017-03-06,-0.01645510108133534
423,2017-03-03,-0.09387243378780853
424,2017-03-02,-0.09575301676853262
425,2017-03-01,-0.2502742516846893
426,2017-02-28,0.061902523115499014
427,2017-02-27,-0.18069268139790043
428,2017-02-24,0.01614167058454749
429,2017-02-23,-0.370944992947814
430,2017-02-22,-0.3330199028365468
431,2017-02-21,-0.059081648644413655
432,2017-02-17,0.08164864441310113
433,2017-02-16,-0.391004544742205
434,2017-02-15,-0.12740949694405343
435,2017-02-14,-0.05876821814762482
436,2017-02-13,0.18915530481115805
437,2017-02-10,-0.13743927284124802
438,2017-02-09,-0.027425168468892855
439,2017-02-08,0.028365459959252354
440,2017-02-07,-0.14214073029305735
441,2017-02-06,0.09230528130386981
442,2017-02-03,-0.1380661338348221
443,2017-02-02,-0.019275975552421484
444,2017-02-01,-0.23930418429713265
445,2017-01-31,-0.03557436138536335
446,2017-01-30,-0.17943895941075133
447,2017-01-27,-0.07067857702554528
448,2017-01-26,-0.17567779344930312
449,2017-01-25,-0.20890142610876097
450,2017-01-24,0.02460429399780592
451,2017-01-23,-0.023664002507444673
452,2017-01-20,-0.14276759128663324
453,2017-01-19,-0.22927440839993807
454,2017-01-18,-0.06629055007052209
455,2017-01-17,-0.15499138066133808
456,2017-01-13,0.12302146998902946
457,2017-01-12,-0.10327534869142813
458,2017-01-11,-0.09920075223319288
459,2017-01-10,-0.18664786083685975
460,2017-01-09,-0.04748472026328203
461,2017-01-06,-0.05469362168939136
462,2017-01-05,-0.10954395862717452
463,2017-01-04,0.26375176304654424
464,2017-01-03,-0.053126469205454316
465,2016-12-30,-0.20169252468265253
466,2016-12-29,-0.24149819777464382
467,2016-12-28,-0.17599122394609018
468,2016-12-27,0.025858015984955046
469,2016-12-23,0.04748472026328124
470,2016-12-22,-0.1126782635950486
471,2016-12-21,-0.14339445228020734
472,2016-12-20,0.06002194013477402
473,2016-12-19,-0.11236483309826155
474,2016-12-16,0.018335684062058655
475,2016-12-15,-0.14590189625450556
476,2016-12-14,-0.12145431750509408
477,2016-12-13,0.035887791882149606
478,2016-12-12,-0.13148409340228867
479,2016-12-09,-0.07882776994201576
480,2016-12-08,-0.11236483309826155
481,2016-12-07,0.09951418272997914
482,2016-12-06,-0.1095439586271754
483,2016-12-05,0.014574518100611361
484,2016-12-02,-0.1640808650681715
485,2016-12-01,-0.3195423914746911
486,2016-11-30,-0.17003604450713083
487,2016-11-29,-0.3076320325967724
488,2016-11-28,-0.09982761322676698
489,2016-11-25,-0.025544585488167876
490,2016-11-23,-0.04058924933396153
491,2016-11-22,0.04717128976649329
492,2016-11-21,-0.136185550854098
493,2016-11-18,-0.29634853471242784
494,2016-11-17,0.04215640181789601
495,2016-11-16,-0.07976806143237782
496,2016-11-15,-0.08885754583921035
497,2016-11-14,-0.3251841404168634
498,2016-11-11,0.015514809590972511
499,2016-11-10,-0.29854254818993986
500,2016-11-09,-0.020059551794390007
501,2016-11-08,-0.08384265789061306
502,2016-11-07,-0.13179752389907573
503,2016-11-04,-0.07099200752233234
504,2016-11-03,-0.16940918351355674
505,2016-11-02,-0.18351355586898657
506,2016-11-01,-0.34712427519197664
507,2016-10-31,-0.26908008149193025
508,2016-10-28,-0.24619965522645404
509,2016-10-27,-0.3496317191662758
510,2016-10-26,-0.08102178341952691
511,2016-10-25,-0.13743927284124802
512,2016-10-24,-0.06472339758658593
513,2016-10-21,-0.07318602099984348
514,2016-10-20,-0.21454317505093326
515,2016-10-19,-0.00015671524839436235
516,2016-10-18,-0.02241028052029556
517,2016-10-17,-0.21673718852844442
518,2016-10-14,-0.24996082118790225
519,2016-10-13,-0.12803635793762752
520,2016-10-12,-0.10233505720106607
521,2016-10-11,-0.17473750195894108
522,2016-10-10,-0.1324243848926507
523,2016-10-07,-0.2574831531107977
524,2016-10-06,-0.16564801755210856
525,2016-10-05,-0.23836389280677062
526,2016-10-04,-0.17285691897821698
527,2016-10-03,-0.07600689547093051
528,2016-09-30,-0.06284281460586184
529,2016-09-29,-0.2734681084469526
530,2016-09-28,-0.15875254662278626
531,2016-09-27,-0.2402444757874947
532,2016-09-26,-0.04184297132110974
533,2016-09-23,-0.07412631249020642
534,2016-09-22,-0.11894687353079499
535,2016-09-21,-0.155931672151701
536,2016-09-20,-0.18915530481115886
537,2016-09-19,-0.1405735778091212
538,2016-09-16,0.03620122237893755
539,2016-09-15,0.003291020216265886
540,2016-09-14,-0.09920075223319288
541,2016-09-13,-0.15154364519667785
542,2016-09-12,-0.01645510108133534
543,2016-09-09,-0.26469205453690703
544,2016-09-08,-0.18852844381758388
545,2016-09-07,-0.23867732330355768
546,2016-09-06,-0.0004701457451814217
547,2016-09-02,-0.2624980410593959
548,2016-09-01,-0.37815389437392244
549,2016-08-31,-0.07036514652875822
550,2016-08-30,-0.2693935119887173
551,2016-08-29,-0.2750352609308896
552,2016-08-26,-0.18727472183043387
553,2016-08-25,-0.18727472183043475
554,2016-08-24,-0.25873687509794774
555,2016-08-23,-0.10358877918821517
556,2016-08-22,-0.15875254662278626
557,2016-08-19,-0.07412631249020553
558,2016-08-18,-0.12960351042156457
559,2016-08-17,-0.15405108917097693
560,2016-08-16,-0.17881209841717632
561,2016-08-15,-0.13336467638301275
562,2016-08-12,-0.11361855508540976
563,2016-08-11,-0.15937940761636127
564,2016-08-10,-0.20106566368907752
565,2016-08-09,-0.04905187274721817
566,2016-08-08,-0.17755837643002723
567,2016-08-05,-0.11894687353079499
568,2016-08-04,0.034320639398213476
569,2016-08-03,-0.16940918351355674
570,2016-08-02,-0.18790158282400976
571,2016-08-01,-0.29196050775740556
572,2016-07-29,0.008305908164864068
573,2016-07-28,-0.0365146528757245
574,2016-07-27,-0.14652875724808054
575,2016-07-26,-0.06284281460586184
576,2016-07-25,0.12270803949224152
577,2016-07-22,-0.11111111111111155
578,2016-07-21,-0.2922739382541926
579,2016-07-20,-0.060648801128349805
580,2016-07-19,-0.11173797210468656
581,2016-07-18,0.08729039335527342
582,2016-07-15,-0.18633443034007272
583,2016-07-14,-0.1697226140103438
584,2016-07-13,-0.21297602256699621
585,2016-07-12,-0.10264848769785312
586,2016-07-11,0.031186334430339385
587,2016-07-08,-0.15185707569346577
588,2016-07-07,-0.030872903933553103
589,2016-07-06,0.019275975552420693
590,2016-07-05,0.013320796113461347
591,2016-07-01,0.20482682965052496
592,2016-06-30,-0.14151386929948326
593,2016-06-29,0.03870866635323575
594,2016-06-28,-0.12302146998903024
595,2016-06-27,0.12114088700830536
596,2016-06-24,-0.02272371101708262
597,2016-06-23,-0.09763359974925584
598,2016-06-22,-0.20796113461839894
599,2016-06-21,-0.15342422817740192
600,2016-06-20,-0.11361855508541065
601,2016-06-17,-0.1932299012693941
602,2016-06-16,-0.10390220968500222
603,2016-06-15,-0.09637987776210674
604,2016-06-14,-0.2427519197617929
605,2016-06-13,-0.1709763359974929
606,2016-06-10,-0.389437392258267
607,2016-06-09,-0.29603510421563994
608,2016-06-08,-0.06597711957373503
609,2016-06-07,0.19667763673405358
610,2016-06-06,-0.0358877918821504
611,2016-06-03,-0.15154364519667785
612,2016-06-02,-0.13963328631875915
613,2016-06-01,-0.18006582040432542
614,2016-05-31,-0.11393198558219769
615,2016-05-27,-0.18100611189468838
616,2016-05-26,0.02491772449459298
617,2016-05-25,-0.06754427205767119
618,2016-05-24,-0.07882776994201576
619,2016-05-23,-0.23428929634853538
620,2016-05-20,-0.016768531578123275
621,2016-05-19,-0.07005171603197027
622,2016-05-18,-0.05657420467011545
623,2016-05-17,-0.2574831531107986
624,2016-05-16,-0.11549913806613474
625,2016-05-13,-0.12521548346654138
626,2016-05-12,-0.2502742516846893
627,2016-05-11,-0.07694718696129167
628,2016-05-10,-0.084156088387401
629,2016-05-09,-0.3330199028365468
630,2016-05-06,0.007365616674502029
631,2016-05-05,-0.6505249960821194
632,2016-05-04,-0.36216893903776853
633,2016-05-03,-0.27785613540197573
634,2016-05-02,-0.11048425011753656
635,2016-04-29,-0.3511988716502119
636,2016-04-28,-0.1869612913336468
637,2016-04-27,-0.16000626860993628
638,2016-04-26,-0.06691741106409708
639,2016-04-25,-0.15718539413885013
640,2016-04-22,0.03244005641748937
641,2016-04-21,-0.14182729979627118
642,2016-04-20,-0.0036044507130546105
643,2016-04-19,-0.30010970067387605
644,2016-04-18,-0.0681711330512462
645,2016-04-15,-0.019589406049209418
646,2016-04-14,-0.15561824165491306
647,2016-04-13,0.0687979940448204
648,2016-04-12,-0.17254348848142995
649,2016-04-11,-0.15373765867418987
650,2016-04-08,-0.44679517317035017
651,2016-04-07,-0.40981037454944413
652,2016-04-06,0.23899075380034485
653,2016-04-05,0.349318288669487
654,2016-04-04,-0.18664786083685975
655,2016-04-01,-0.3466541294467952
656,2016-03-31,-0.10640965365930131
657,2016-03-30,-0.37690017238677426
658,2016-03-29,-0.11236483309826066
659,2016-03-28,-0.1622002820874483
660,2016-03-24,0.2552891396332858
661,2016-03-23,-0.4267356213759601
662,2016-03-22,-0.21297602256699621
663,2016-03-21,-0.026484876978530816
664,2016-03-18,-0.005798464190565761
665,2016-03-17,0.03400720890142553
666,2016-03-16,0.003291020216266774
667,2016-03-15,0.007679047171289061
668,2016-03-14,-0.04152954082432268
669,2016-03-11,-0.13336467638301275
670,2016-03-10,-0.27096066447265343
671,2016-03-09,0.01175364362952433
672,2016-03-08,-0.14809590973201758
673,2016-03-07,0.11863344303400628
674,2016-03-04,-0.02460429399780671
675,2016-03-03,0.11393198558219692
676,2016-03-02,0.02460429399780592
677,2016-03-01,-0.36749725748315376
678,2016-02-29,-0.13461839837016187
679,2016-02-26,-0.06848456354803324
680,2016-02-25,0.15530481115812522
681,2016-02-24,0.07600689547092884
682,2016-02-23,-0.08697696285848625
683,2016-02-22,0.1189468735307942
684,2016-02-19,-0.02836545995925402
685,2016-02-18,-0.29697539570600195
686,2016-02-17,0.18351355586898577
687,2016-02-16,-0.2305281303870872
688,2016-02-12,-0.2440056417489429
689,2016-02-11,-0.1678420310296197
690,2016-02-10,-0.3339601943269089
691,2016-02-09,0.06597711957373426
692,2016-02-08,-0.4055790628428145
693,2016-02-05,-0.3925716972261411
694,2016-02-04,0.025231154991380927
695,2016-02-03,-0.4367653972731556
696,2016-02-02,-0.4220341639241499
697,2016-02-01,0.13649898135088517
698,2016-01-29,-0.08070835292273987
699,2016-01-28,-0.15405108917097693
700,2016-01-27,-0.25497570913649953
701,2016-01-26,-0.21830434101238055
702,2016-01-25,-0.2352295878388974
703,2016-01-22,-0.19042469832314696
704,2016-01-21,-0.16940918351355674
705,2016-01-20,-0.14182729979627118
706,2016-01-19,-0.24494593323930494
707,2016-01-15,0.0687979940448204
708,2016-01-14,0.004544742203415872
709,2016-01-13,-0.48660084626234146
710,2016-01-12,-0.1709763359974929
711,2016-01-11,-0.3129603510421568
712,2016-01-08,-0.33490048581727094
713,2016-01-07,-0.07412631249020553
714,2016-01-06,-0.1499764927127417
715,2016-01-05,-0.21172230057984712
716,2016-01-04,-0.34900485817270077
717,2015-12-31,-0.07287259050305643
718,2015-12-30,-0.07318602099984348
719,2015-12-29,0.10358877918821438
720,2015-12-28,-0.1994985112051414
721,2015-12-24,-0.11957373452436999
722,2015-12-23,-0.1976179282244173
723,2015-12-22,-0.27785613540197573
724,2015-12-21,-0.09261871180065855
725,2015-12-18,-0.19605077574047935
726,2015-12-17,-0.13712584234446096
727,2015-12-16,0.2690800814919286
728,2015-12-15,-0.14276759128663236
729,2015-12-14,-0.08635010186491127
730,2015-12-11,-0.3775270333803484
731,2015-12-10,-0.04591756777934587
732,2015-12-09,-0.18821501332079593
733,2015-12-08,-0.14496160476414438
734,2015-12-07,-0.0123805046231001
735,2015-12-04,-0.18508070835292362
736,2015-12-03,-0.20670741263124892
737,2015-12-02,-0.2769158439116128
738,2015-12-01,0.07224572950948066
739,2015-11-30,-0.1678420310296197
740,2015-11-27,-0.10264848769785312
741,2015-11-25,0.1402601473123325
742,2015-11-24,-0.029619181946404005
743,2015-11-23,-0.10734994514966337
744,2015-11-20,-0.228960977903151
745,2015-11-19,-0.08039492242595192
746,2015-11-18,0.08603667136812343
747,2015-11-17,-0.15749882463563716
748,2015-11-16,0.1377527033380343
749,2015-11-13,-0.3004231311706631
750,2015-11-12,-0.2737815389437396
751,2015-11-11,-0.07882776994201576
752,2015-11-10,-0.3386616517787182
753,2015-11-09,-0.3599749255602574
754,2015-11-06,-0.06785770255445825
755,2015-11-05,-0.08258893590346396
756,2015-11-04,0.02523115499138004
757,2015-11-03,-0.2922739382541926
758,2015-11-02,0.03275348691427643
759,2015-10-30,-0.2286475474063631
760,2015-10-29,-0.12364833098260523
761,2015-10-28,-0.0681711330512462
762,2015-10-27,-0.2606174580786718
763,2015-10-26,0.0017238677323297286
764,2015-10-23,-0.3051245886224733
765,2015-10-22,-0.11487227707255974
766,2015-10-21,-0.17943895941075133
767,2015-10-20,-0.5803165648017556
768,2015-10-19,-0.06973828553518323
769,2015-10-16,0.004544742203415872
770,2015-10-15,0.03306691741106346
771,2015-10-14,-0.23867732330355768
772,2015-10-13,0.06723084156088335
773,2015-10-12,-0.3521391631405739
774,2015-10-09,-0.12740949694405343
775,2015-10-08,-0.22519981194170285
776,2015-10-07,-0.2662592070208432
777,2015-10-06,-0.07412631249020553
778,2015-10-05,-0.20419996865695073
779,2015-10-02,0.2552891396332858
780,2015-10-01,-0.35903463406989533
781,2015-09-30,-0.23272214386459833
782,2015-09-29,-0.23930418429713265
783,2015-09-28,-0.3994671681554625
784,2015-09-25,-0.42391474690487396
785,2015-09-24,-0.007365616674501918
786,2015-09-23,-0.14778247923522964
787,2015-09-22,-0.06002194013477481
788,2015-09-21,-0.11299169409183654
789,2015-09-18,-0.0365146528757245
790,2015-09-17,-0.17912552891396338
791,2015-09-16,0.168782322519981
792,2015-09-15,-0.09418586428459558
793,2015-09-14,-0.054380191192603414
794,2015-09-11,-0.038395235856448606
795,2015-09-10,-0.08070835292273987
796,2015-09-09,-0.21830434101238144
797,2015-09-08,-0.022096850023508516
798,2015-09-04,-0.0872903933552733
799,2015-09-03,-0.3233035574361393
800,2015-09-02,-0.03996238834038564
801,2015-09-01,-0.17348377997179198
802,2015-08-31,-0.016768531578123275
803,2015-08-28,0.08760382385205959
804,2015-08-27,0.2559160006268608
805,2015-08-26,-0.21673718852844442
806,2015-08-25,-0.44867575615107425
807,2015-08-24,0.38410907381288195
808,2015-08-21,-0.2838113148409342
809,2015-08-20,-0.42955649584704625
810,2015-08-19,-0.27910985738912397
811,2015-08-18,0.047484720263282126
812,2015-08-17,-0.13775270333803505
813,2015-08-14,-0.24808023820717814
814,2015-08-13,-0.03682808337251334
815,2015-08-12,-0.02052969753957147
816,2015-08-11,-0.11299169409183565
817,2015-08-10,-0.026171446481743757
818,2015-08-07,-0.1534242281774028
819,2015-08-06,-0.22676696442563898
820,2015-08-05,0.08540981037454931
821,2015-08-04,0.07663375646450293
822,2015-08-03,-0.31734837799717996
823,2015-07-31,-0.1653345870553224
824,2015-07-30,0.008619338661652015
825,2015-07-29,-0.13399153737658687
826,2015-07-28,0.16439429556495777
827,2015-07-27,-0.41513869299482936
828,2015-07-24,-0.18163297288826158
829,2015-07-23,-0.19667763673405436
830,2015-07-22,0.08697696285848636
831,2015-07-21,-0.22269236796740463
832,2015-07-20,0.10766337564644962
833,2015-07-17,-0.052186177715091375
834,2015-07-16,-0.04278326281147268
835,2015-07-15,-0.23272214386459922
836,2015-07-14,-0.00861933866165368
837,2015-07-13,-0.1227080394922423
838,2015-07-10,-0.2161103275348712
839,2015-07-09,-0.15624510264848718
840,2015-07-08,-0.2565428616204357
841,2015-07-07,-0.3430496787337414
842,2015-07-06,-0.0935590032910197
843,2015-07-02,-0.1253721987149358
844,2015-07-01,-0.1813195423914763
845,2015-06-30,-0.011440213132738936
846,2015-06-29,-0.11769315154364589
847,2015-06-26,-0.17630465444287813
848,2015-06-25,-0.04654442877291909
849,2015-06-24,-0.1766180849396652
850,2015-06-23,0.11048425011753668
851,2015-06-22,-0.19385676226296733
852,2015-06-19,-0.1164394295564959
853,2015-06-18,-0.12333490048581817
854,2015-06-17,0.13837956433161014
855,2015-06-16,-0.02617144648174287
856,2015-06-15,-0.09857389123961788
857,2015-06-12,-0.10484250117536516
858,2015-06-11,-0.17787180692681429
859,2015-06-10,-0.15749882463563805
860,2015-06-09,-0.10108133521391698
861,2015-06-08,0.05061902523115533
862,2015-06-05,-0.021469989029933523
863,2015-06-04,-0.16940918351355674
864,2015-06-03,-0.09512615577495674
865,2015-06-02,-0.13775270333803505
866,2015-06-01,-0.1813195423914754
867,2015-05-29,-0.12615577495690344
868,2015-05-28,0.018649114558845714
869,2015-05-27,-0.15373765867418898
870,2015-05-26,-0.12693935119887195
871,2015-05-22,-0.04623099827613293
872,2015-05-21,-0.03870866635323654
873,2015-05-20,-0.20702084312803687
874,2015-05-19,-0.1603196991067242
875,2015-05-18,-0.065036828083373
876,2015-05-15,0.03400720890142553
877,2015-05-14,-0.1424541607898453
878,2015-05-13,-0.25873687509794774
879,2015-05-12,0.02523115499138004
880,2015-05-11,-0.01958940604920853
881,2015-05-08,-0.10045447422034198
882,2015-05-07,0.3753330199028364
883,2015-05-06,-0.23491615734210947
884,2015-05-05,-0.27064723397586643
885,2015-05-04,-0.046857859269707924
886,2015-05-01,-0.24243848926500586
887,2015-04-30,-0.2559160006268607
888,2015-04-29,-0.044663845792196774
889,2015-04-28,-0.25372198714935046
890,2015-04-27,0.16188685159065958
891,2015-04-24,-0.1849239931045292
892,2015-04-23,-0.1095439586271754
893,2015-04-22,0.09763359974925506
894,2015-04-21,-0.006738755680928701
895,2015-04-20,-0.1672151700360447
896,2015-04-17,-0.06346967559943684
897,2015-04-16,-0.15123021469989079
898,2015-04-15,-0.1082902366400254
899,2015-04-14,-0.15467795016455102
900,2015-04-13,-0.14041686256072766
901,2015-04-10,-0.08697696285848625
902,2015-04-09,-0.06785770255445914
903,2015-04-08,-0.13649898135088595
904,2015-04-07,-0.09669330825889379
905,2015-04-06,0.039962388340384875
906,2015-04-02,-0.09575301676853173
907,2015-04-01,-0.15467795016455102
908,2015-03-31,-0.26908008149192936
909,2015-03-30,0.028052029462466183
910,2015-03-27,-0.24745337721360314
911,2015-03-26,-0.2300579846419057
912,2015-03-25,-0.24431907224572996
913,2015-03-24,-0.11549913806613474
914,2015-03-23,-0.08446951888418805
915,2015-03-20,-0.10014104372355404
916,2015-03-19,-0.3189155304811161
917,2015-03-18,0.06033537063156197
918,2015-03-17,-0.14182729979627118
919,2015-03-16,-0.003917881209842558
920,2015-03-13,-0.12834978843441458
921,2015-03-12,-0.20388653816016367
922,2015-03-11,-0.03870866635323654
923,2015-03-10,-0.061589092618712746
924,2015-03-09,-0.2299012693935122
925,2015-03-06,-0.2869456198088083
926,2015-03-05,-0.1894687353079459
927,2015-03-04,-0.020059551794390007
928,2015-03-03,-0.033693778404639246
929,2015-03-02,-0.28835605704435086
930,2015-02-27,-0.23146842187744923
931,2015-02-26,-0.019902836545996477
932,2015-02-25,-0.15687196364206307
933,2015-02-24,-0.21955806299952965
934,2015-02-23,-0.3808180535966151
935,2015-02-20,0.07851433944522793
936,2015-02-19,0.09026798307475309
937,2015-02-18,-0.11079768061432362
938,2015-02-17,-0.1622002820874474
939,2015-02-13,-0.09261871180065855
940,2015-02-12,0.17191662748785413
941,2015-02-11,-0.10139476571070402
942,2015-02-10,-0.15937940761636216
943,2015-02-09,-0.054066760695816354
944,2015-02-06,-0.26531891553048115
945,2015-02-05,-0.08509637987776217
946,2015-02-04,-0.11173797210468567
947,2015-02-03,0.04121611032753486
948,2015-02-02,0.0985738912396171
949,2015-01-30,-0.1311706629055016
950,2015-01-29,0.009559630152013165
951,2015-01-28,-0.33113931985582273
952,2015-01-27,-0.07099200752233234
953,2015-01-26,0.028052029462466183
954,2015-01-23,-0.08854411534242329
955,2015-01-22,0.02491772449459298
956,2015-01-21,0.10014104372355326
957,2015-01-20,-0.18069268139790043
958,2015-01-16,-0.045604137282557924
959,2015-01-15,-0.2020059551794396
960,2015-01-14,0.09512615577495595
961,2015-01-13,-0.09073812881993444
962,2015-01-12,-0.14621532675129348
963,2015-01-09,-0.19072245729509502
964,2015-01-08,-0.18868515906597738
965,2015-01-07,-0.19511048425011818
966,2015-01-06,-0.0816486444131019
967,2015-01-05,-0.25967716658830975
968,2015-01-02,-0.23146842187744923
969,2014-12-31,-0.1412004388026962
970,2014-12-30,-0.17505093245572903
971,2014-12-29,-0.15718539413885013
972,2014-12-26,0.07788747845165295
973,2014-12-24,-0.04184297132111063
974,2014-12-23,-0.20890142610876097
975,2014-12-22,-0.038395235856449494
976,2014-12-19,-0.14809590973201758
977,2014-12-18,0.06440996708979721
978,2014-12-17,0.2800501488794852
979,2014-12-16,-0.21642375803165648
980,2014-12-15,-0.28443817583450914
981,2014-12-12,-0.05155931672151727
982,2014-12-11,-0.17160319699106788
983,2014-12-10,-0.2543488481429246
984,2014-12-09,0.11675286005328217
985,2014-12-08,-0.3449302617144646
986,2014-12-05,-0.27534869142767576
987,2014-12-04,-0.12991694091835163
988,2014-12-03,-0.024290863501018778
989,2014-12-02,-0.21830434101238055
990,2014-12-01,-0.41827299796270256
991,2014-11-28,-0.14590189625450556
992,2014-11-26,-0.11675286005328384
993,2014-11-25,-0.09669330825889379
994,2014-11-24,-0.07224572950948144
995,2014-11-21,-0.4154521234916164
996,2014-11-20,-0.0960664472653188
997,2014-11-19,-0.209841717599123
998,2014-11-18,-0.06221595361228774
999,2014-11-17,-0.22990126939351307
1000,2014-11-14,0.15217050619025202
1001,2014-11-13,-0.0860366713681251
1002,2014-11-12,-0.1393198558219721
1003,2014-11-11,0.1474690487384418
1004,2014-11-10,-0.03149976492712811
1005,2014-11-07,-0.18225983388183747
1006,2014-11-06,0.09105155931672071
1007,2014-11-05,-0.43425795329885647
1008,2014-11-04,-0.16878232251998174
1009,2014-11-03,-0.13273781538943777
1010,2014-10-31,-0.14527503526093144
1011,2014-10-30,-0.10358877918821517
1012,2014-10-29,-0.2148566055477203
1013,2014-10-28,0.29290079924776685
1014,2014-10-27,-0.5141827299796279
1015,2014-10-24,-0.15217050619025282
1016,2014-10-23,-0.0999843284751614
1017,2014-10-22,-0.18539413884971068
1018,2014-10-21,-0.08635010186491215
1019,2014-10-20,-0.0023507287259055126
1020,2014-10-17,-0.30481115812568627
1021,2014-10-16,0.0879172543488475
1022,2014-10-15,0.18414041686255989
1023,2014-10-14,-0.15718539413885013
1024,2014-10-13,-0.5580629995298544
1025,2014-10-10,-0.36216893903776853
1026,2014-10-09,-0.28412474533772214
1027,2014-10-08,-0.14558846575772028
1028,2014-10-07,-0.0872903933552733
1029,2014-10-06,-0.07318602099984348
1030,2014-10-03,-0.05249960821187932
1031,2014-10-02,-0.0816486444131019
1032,2014-10-01,-0.18131954239147452
1033,2014-09-30,-0.2527816956589875
1034,2014-09-29,-0.08039492242595281
1035,2014-09-26,-0.17160319699106788
1036,2014-09-25,-0.29446795173170465
1037,2014-09-24,-0.0879172543488492
1038,2014-09-23,0.04278326281147102
1039,2014-09-22,-0.2756621219244637
1040,2014-09-19,-0.07820090894844167
1041,2014-09-18,-0.10546936216894016
1042,2014-09-17,-0.1521705061902537
1043,2014-09-16,0.05532048268296469
1044,2014-09-15,-0.7627331139319857
1045,2014-09-12,-0.16063312960351125
1046,2014-09-11,-0.12458862247296638
1047,2014-09-10,-0.06973828553518234
1048,2014-09-09,-0.26124431907224593
1049,2014-09-08,0.02084312803635774
1050,2014-09-05,-0.2816173013634239
1051,2014-09-04,-0.056260774173326616
1052,2014-09-03,-0.32299012693935225
1053,2014-09-02,0.15028992320952794
1054,2014-08-29,-0.08854411534242329
1055,2014-08-28,-0.058141357154050714
1056,2014-08-27,-0.12772292744084046
1057,2014-08-26,-0.22143864598025464
1058,2014-08-25,0.016768531578122498
1059,2014-08-22,-0.04967873374079407
1060,2014-08-21,-0.18821501332079593
1061,2014-08-20,-0.0872903933552733
1062,2014-08-19,-0.18602099984328566
1063,2014-08-18,-0.22363265945776578
1064,2014-08-15,-0.10327534869142901
1065,2014-08-14,-0.1546779501645519
1066,2014-08-13,-0.17317034947500404
1067,2014-08-12,-0.060962231625137746
1068,2014-08-11,0.0004701457451806307
1069,2014-08-08,-0.2148566055477203
1070,2014-08-07,-0.048738442250432015
1071,2014-08-06,0.1944867575615104
1072,2014-08-05,-0.08791725434884831
1073,2014-08-04,0.009873060648801113
1074,2014-08-01,0.10515593167215143
1075,2014-07-31,-0.3066917411064095
1076,2014-07-30,0.09951418272997914
1077,2014-07-29,-0.17003604450713172
1078,2014-07-28,-0.10202162670427903
1079,2014-07-25,-0.09324557279423354
1080,2014-07-24,-0.1107976806143245
1081,2014-07-23,-0.04215640181789679
1082,2014-07-22,-0.20169252468265164
1083,2014-07-21,-0.016768531578123275
1084,2014-07-18,0.007682181476257932
1085,2014-07-17,-0.1437078827769944
1086,2014-07-16,-0.26594577652405615
1087,2014-07-15,-0.3439899702241026
1088,2014-07-14,0.09042469832314573
1089,2014-07-11,-0.1976179282244173
1090,2014-07-10,-0.04842501175364407
1091,2014-07-09,-0.0637831060962239
1092,2014-07-08,-0.10672308415608926
1093,2014-07-07,-0.27158752546622844
1094,2014-07-03,-0.1838269863657736
1095,2014-07-02,-0.4720263281617301
1096,2014-07-01,-0.20576712114088777
1097,2014-06-30,-0.10390220968500312
1098,2014-06-27,0.017081962074909557
1099,2014-06-26,-0.1690957530167688
1100,2014-06-25,0.0005014887948586316
1101,2014-06-24,-0.3226766964425643
1102,2014-06-23,0.12176774800188034
1103,2014-06-20,-0.08635010186491215
1104,2014-06-19,-0.15405108917097693
1105,2014-06-18,-0.2571697226140107
1106,2014-06-17,0.11706629055006923
1107,2014-06-16,0.4395862717442409
1108,2014-06-13,-0.06848456354803413
1109,2014-06-12,-0.16940918351355586
1110,2014-06-11,-0.026798307475317862
1111,2014-06-10,-0.18664786083685975
1112,2014-06-09,-0.20263281617301368
1113,2014-06-06,-0.16937784046387785
1114,2014-06-05,-0.043723554301833834
1115,2014-06-04,-0.13117066290550072
1116,2014-06-03,-0.07443974298699346
1117,2014-06-02,-0.20231938567622754
1118,2014-05-30,-0.19918508070835345
1119,2014-05-29,-0.13023037141513868
1120,2014-05-28,-0.11299169409183565
1121,2014-05-27,-0.02460429399780671
1122,2014-05-23,-0.03306691741106425
1123,2014-05-22,0.022096850023506837
1124,2014-05-21,-0.01739539257169828
1125,2014-05-20,-0.17128976649427996
1126,2014-05-19,0.048425011753643304
1127,2014-05-16,-0.03808180535966155
1128,2014-05-15,-0.1634540040745965
1129,2014-05-14,-0.06754427205767119
1130,2014-05-13,0.08070835292273909
1131,2014-05-12,-0.09481272527817058
1132,2014-05-09,-0.044663845792196774
1133,2014-05-08,-0.22676696442563898
1134,2014-05-07,-0.3797210468578595
1135,2014-05-06,-0.41200438802695527
1136,2014-05-05,0.10358877918821527
1137,2014-05-02,-0.04748472026328203
1138,2014-05-01,-0.09951418272998082
1139,2014-04-30,0.014574518100610473
1140,2014-04-29,0.1531107976806132
1141,2014-04-28,-0.1665883090424706
1142,2014-04-25,-0.18727472183043475
1143,2014-04-24,-0.2123491615734212
1144,2014-04-23,-0.38128819934179653
1145,2014-04-22,0.2650054850336924
1146,2014-04-21,0.10891709763359875
1147,2014-04-17,-0.1665883090424706
1148,2014-04-16,-0.05375333019902842
1149,2014-04-15,-0.282244162356998
1150,2014-04-14,-0.4179595674659146
1151,2014-04-11,-0.02052969753957147
1152,2014-04-10,-0.515749882463564
1153,2014-04-09,-0.1145588465757718
1154,2014-04-08,0.0496787337407924
1155,2014-04-07,-0.06629055007052209
1156,2014-04-04,-0.5519511048425015
1157,2014-04-03,-0.2734681084469526
1158,2014-04-02,0.20263281617301293
1159,2014-04-01,0.12929007992477584
1160,2014-03-31,-0.372198714934964
1161,2014-03-28,-0.13336467638301275
1162,2014-03-27,-0.2781695658987628
1163,2014-03-26,-0.40166118163297276
1164,2014-03-25,-0.23585644883247153
1165,2014-03-24,-0.42015358094342664
1166,2014-03-21,-0.3433631092305294
1167,2014-03-20,-0.1590659771195742
1168,2014-03-19,-0.29384109073812875
1169,2014-03-18,-0.023037141513869666
1170,2014-03-17,-0.15028992320952872
1171,2014-03-14,-0.2552891396332866
1172,2014-03-13,-0.30794546309355947
1173,2014-03-12,0.19322990126939332
1174,2014-03-11,-0.18539413884971068
1175,2014-03-10,-0.2408713367810688
1176,2014-03-07,-0.3308258893590348
1177,2014-03-06,-0.15749882463563716
1178,2014-03-05,-0.247139946716817
1179,2014-03-04,-0.23397586585174832
1180,2014-03-03,0.29697539570600207
1181,2014-02-28,-0.27158752546622844
1182,2014-02-27,-0.39288512772292816
1183,2014-02-26,-0.2947813822284908
1184,2014-02-25,0.4442877291960503
1185,2014-02-24,0.15875568092775438
1186,2014-02-21,-0.1838269863657736
1187,2014-02-20,-0.27785613540197485
1188,2014-02-19,-0.43519824478921854
1189,2014-02-18,-0.1682808337251223
1190,2014-02-14,-0.1158125685629218
1191,2014-02-13,0.07726061745807794
1192,2014-02-12,-0.13430496787337481
1193,2014-02-11,-0.20043880269550254
1194,2014-02-10,0.10640965365930052
1195,2014-02-07,0.053126469205453525
1196,2014-02-06,-0.05469362168939136
1197,2014-02-05,-0.2414981977746447
1198,2014-02-04,-0.18163297288826247
1199,2014-02-03,-0.3010499921642372
1200,2014-01-31,-0.03964895784359859
1201,2014-01-30,0.031813195423914364
1202,2014-01-29,-0.12208117849866908
1203,2014-01-28,0.09575301676853096
1204,2014-01-27,-0.2935276602413417
1205,2014-01-24,-0.2217520764770417
1206,2014-01-23,0.013947657107036354
1207,2014-01-22,-0.09637987776210674
1208,2014-01-21,0.05061902523115444
1209,2014-01-17,-0.12552891396332932
1210,2014-01-16,0.14558846575771772
1211,2014-01-15,-0.2552891396332866
1212,2014-01-14,0.5311079768061431
1213,2014-01-13,-0.32173640495220224
1214,2014-01-10,-0.20577025544585575
1215,2014-01-09,-0.2756621219244637
1216,2014-01-08,-0.043723554301833834
1217,2014-01-07,-0.06535025858016005
1218,2014-01-06,-0.21391631405735825
1219,2014-01-03,-0.1336781068797998
1220,2014-01-02,-0.11048425011753746
1221,2013-12-31,-0.17915687196364227
1222,2013-12-30,-0.07851433944522872
1223,2013-12-27,-0.2509011126782643
1224,2013-12-26,-0.10546936216893926
1225,2013-12-24,-0.07569346497414257
1226,2013-12-23,-0.16063312960351037
1227,2013-12-20,-0.06785770255445914
1228,2013-12-19,-0.3135872120357318
1229,2013-12-18,-0.25340855665256334
1230,2013-12-17,0.03306691741106346
1231,2013-12-16,-0.136812411847673
1232,2013-12-13,-0.13229901269393607
1233,2013-12-12,0.12364833098260444
1234,2013-12-11,-0.18978216580473295
1235,2013-12-10,-0.052813038708667256
1236,2013-12-09,0.024290863501018
1237,2013-12-06,-0.24996082118790136
1238,2013-12-05,-0.1095439586271754
1239,2013-12-04,-0.2881993417959574
1240,2013-12-03,0.25685629211722194
1241,2013-12-02,-0.18821501332079638
1242,2013-11-29,-0.19793135872120432
1243,2013-11-27,0.04748472026328124
1244,2013-11-26,-0.08478294938097511
1245,2013-11-25,-0.2346027268453224
1246,2013-11-22,-0.1261557749569039
1247,2013-11-21,-0.14464817426735688
1248,2013-11-20,-0.2756621219244637
1249,2013-11-19,0.08885754583920957
1250,2013-11-18,-0.5489735151230224
1251,2013-11-15,-0.16376743457138446
1252,2013-11-14,-0.16125999059708535
1253,2013-11-13,-0.1869612913336477
1254,2013-11-12,-0.33584077730763207
1255,2013-11-11,-0.003980567309199434
1256,2013-11-08,-0.07381288199341848
1257,2013-11-07,-0.2583607585018029
1258,2013-11-06,-0.23428929634853538
1259,2013-11-05,-0.2198714934963176
1260,2013-11-04,0.1998119417019268
1261,2013-11-01,-0.14590189625450645
1262,2013-10-31,0.013947657107036354
1263,2013-10-30,-0.2894530637831065
1264,2013-10-29,-0.06629055007052209
1265,2013-10-28,-0.3493182886694878
1266,2013-10-25,-0.2624980410593959
1267,2013-10-24,0.1355586898605231
1268,2013-10-23,-0.25811001410437273
1269,2013-10-22,-0.08729039335527419
1270,2013-10-21,-0.4546309355900336
1271,2013-10-18,-0.14339445228020734
1272,2013-10-17,-0.14301833568406253
1273,2013-10-16,-0.16188685159066035
1274,2013-10-15,-0.16188685159066035
1275,2013-10-14,0.028052029462466183
1276,2013-10-11,0.06660398056730837
1277,2013-10-10,-0.12490205296975433
1278,2013-10-09,-0.30637831060962245
1279,2013-10-08,-0.4229744554145128
1280,2013-10-07,-0.10076790471712992
1281,2013-10-04,0.023664002507442994
1282,2013-10-03,-0.1742673562137596
1283,2013-10-02,-0.3593480645666833
1284,2013-10-01,-0.1499764927127417
1285,2013-09-30,0.017081962074909557
1286,2013-09-27,-0.013947657107037131
1287,2013-09-26,-0.059081648644413655
1288,2013-09-25,-0.06729352766024191
1289,2013-09-24,-0.01990597085096356
1290,2013-09-23,-0.225513242438489
1291,2013-09-20,0.02084312803635685
1292,2013-09-19,0.10327534869142643
1293,2013-09-18,-0.14659144334743832
1294,2013-09-17,-0.08384265789061396
1295,2013-09-16,-0.16439429556495855
1296,2013-09-13,-0.03306691741106514
1297,2013-09-12,-0.09073812881993444
1298,2013-09-11,-0.21046857859269713
1299,2013-09-10,0.034320639398213476
1300,2013-09-09,-0.19573734524369318
1301,2013-09-06,-0.17003604450713083
1302,2013-09-05,-0.12521548346654138
1303,2013-09-04,-0.09318288669487577
1304,2013-09-03,-0.25967716658830975
1305,2013-08-30,-0.03745494436608744
1306,2013-08-29,-0.06205923836389332
1307,2013-08-28,-0.20169252468265253
1308,2013-08-27,0.027738598965678235
1309,2013-08-26,-0.14903620122237962
1310,2013-08-23,0.0317818523742355
1311,2013-08-22,0.1270960664472647
1312,2013-08-21,-0.1869612913336468
1313,2013-08-20,-0.09073812881993444
1314,2013-08-19,-0.07371571853941385
1315,2013-08-16,-0.1082902366400254
1316,2013-08-15,-0.018338818367028303
1317,2013-08-14,-0.22519981194170194
1318,2013-08-13,-0.24745337721360314
1319,2013-08-12,-0.18414041686256155
1320,2013-08-09,-0.10108133521391698
1321,2013-08-08,-0.14731233349004907
1322,2013-08-07,-0.3599749255602574
1323,2013-08-06,-0.20137909418586458
1324,2013-08-05,0.026484876978530025
1325,2013-08-02,-0.013007365616675093
1326,2013-08-01,-0.10264848769785312
1327,2013-07-31,-0.06629055007052209
1328,2013-07-30,-0.21579689703808236
1329,2013-07-29,0.04623099827613214
1330,2013-07-26,-0.08070835292273987
1331,2013-07-25,-0.004858172700204597
1332,2013-07-24,-0.20670741263124937
1333,2013-07-23,-0.1593794076163617
1334,2013-07-22,-0.04027581883717314
1335,2013-07-19,-0.082902366400251
1336,2013-07-18,-0.18069268139790043
1337,2013-07-17,0.31045290706785733
1338,2013-07-16,-0.6599279109857396
1339,2013-07-15,-0.3007365616674506
1340,2013-07-12,0.018022253565271595
1341,2013-07-11,-0.09700673875568128
1342,2013-07-10,-0.14872277072559215
1343,2013-07-09,-0.15718539413885013
1344,2013-07-08,-0.1123648330982611
1345,2013-07-05,-0.06440996708979799
1346,2013-07-03,-0.2063939821344623
1347,2013-07-02,-0.13352139163140628
1348,2013-07-01,0.12518414041686216
1349,2013-06-28,-0.15781225513242467
1350,2013-06-27,-0.04152954082432268
1351,2013-06-26,-0.059708509637988204
1352,2013-06-25,-0.1418272997962703
1353,2013-06-24,0.03651465287572417
1354,2013-06-21,-0.24996082118790225
1355,2013-06-20,-0.245259363736092
1356,2013-06-19,-0.0377683748628745
1357,2013-06-18,-0.06848456354803369
1358,2013-06-17,-0.163767434571384
1359,2013-06-14,-0.110484250117537
1360,2013-06-13,-0.1455884657577185
1361,2013-06-12,-0.09073812881993444
1362,2013-06-11,-0.23616987932925948
1363,2013-06-10,-0.08478294938097555
1364,2013-06-07,0.006738755680927466
1365,2013-06-06,-0.054066760695816354
1366,2013-06-05,-0.06629055007052209
1367,2013-06-04,-0.054380191192603414
1368,2013-06-03,-0.2775427049051878
1369,2013-05-31,-0.3863030872903938
1370,2013-05-30,-0.04184297132110974
1371,2013-05-29,-0.3994985112051405
1372,2013-05-28,0.15543018335684033
1373,2013-05-24,0.020529697539570235
1374,2013-05-23,0.12850650368280778
1375,2013-05-22,-0.09261871180065899
1376,2013-05-21,-0.14840934022880464
1377,2013-05-20,-0.15687196364206307
1378,2013-05-17,-0.15123021469989079
1379,2013-05-16,-0.1967403228334121
1380,2013-05-15,-0.024541607898448947
1381,2013-05-14,-0.46403385049365364
1382,2013-05-13,0.0935590032910198
1383,2013-05-10,0.10308729039335449
1384,2013-05-09,-0.1424541607898453
1385,2013-05-08,-0.1735934806456674
1386,2013-05-07,-0.3233035574361391
1387,2013-05-06,-0.022410280520295117
1388,2013-05-03,-0.18006582040432587
1389,2013-05-02,-0.11173797210468633
1390,2013-05-01,-0.2048268296505255
1391,2013-04-30,-0.18288669487541181
1392,2013-04-29,-0.02021626704278376
1393,2013-04-26,-0.18037925090111315
1394,2013-04-25,-0.07287259050305643
1395,2013-04-24,-0.13461839837016187
1396,2013-04-23,-0.11957373452436976
1397,2013-04-22,-0.07005171603197051
1398,2013-04-19,-0.10829023664002563
1399,2013-04-18,-0.08885754583921057
1400,2013-04-17,-0.12145431750509364
1401,2013-04-16,-0.07600689547092962
1402,2013-04-15,-0.1261557749569039
1403,2013-04-12,-0.10421564018179016
1404,2013-04-11,-0.07193229901269438
1405,2013-04-10,-0.08352922739382601
1406,2013-04-09,-0.1606331296035108
1407,2013-04-08,-0.12427519197617978
1408,2013-04-05,-0.13963328631875938
1409,2013-04-04,-0.09167842031029672
1410,2013-04-03,-0.18257326437862453
1411,2013-04-02,-0.09669330825889401
1412,2013-04-01,-0.07067857702554506
1413,2013-03-28,-0.13054380191192638
1414,2013-03-27,-0.11299169409183565
1415,2013-03-26,-0.12364833098260501
1416,2013-03-25,-0.10640965365930154
1417,2013-03-22,-0.10672308415608904
1418,2013-03-21,-0.11800658204043317
1419,2013-03-20,-0.09826046074283061
1420,2013-03-19,-0.12521548346654182
1421,2013-03-18,-0.12458862247296705
1422,2013-03-15,-0.16220028208744763
1423,2013-03-14,-0.1841404168625611
1424,2013-03-13,-0.12051402601473181
1425,2013-03-12,-0.11299169409183565
1426,2013-03-11,-0.11267826359504815
1427,2013-03-08,-0.10703651465287631
1428,2013-03-07,-0.10421564018179016
1429,2013-03-06,-0.0985738912396181
1430,2013-03-05,-0.09951418272998015
1431,2013-03-04,-0.09449929478138286
1432,2013-03-01,-0.13085723240871389
1433,2013-02-28,-0.15311079768061486
1434,2013-02-27,-0.09826046074283061
1435,2013-02-26,-0.12082745651151909
1436,2013-02-25,-0.17536436295251562
1437,2013-02-22,-0.10766337564645086
1438,2013-02-21,-0.16157342109387307
1439,2013-02-20,-0.14370788277699462
1440,2013-02-19,-0.059708509637988204
1441,2013-02-15,-0.16564801755210834
1442,2013-02-14,-0.1305438019119266
1443,2013-02-13,-0.1151857075693468
1444,2013-02-12,-0.13743927284124802
1445,2013-02-11,-0.10609622316251405
1446,2013-02-08,-0.12646920545369114
1447,2013-02-07,-0.11079768061432428
1448,2013-02-06,-0.08885754583921057
1449,2013-02-05,-0.11581256856292158
1450,2013-02-04,-0.1405735778091212
1451,2013-02-01,-0.1158125685629218
1452,2013-01-31,-0.13117066290550117
1453,2013-01-30,-0.13023037141513913
1454,2013-01-29,-0.12458862247296705
1455,2013-01-28,-0.08321579689703851
1456,2013-01-25,-0.12051402601473181
1457,2013-01-24,-0.08885754583921057
1458,2013-01-23,-0.08917097633599808
1459,2013-01-22,-0.10014104372355492
1460,2013-01-18,-0.12678263595047842
1461,2013-01-17,-0.11299169409183543
1462,2013-01-16,-0.1120514026014736
1463,2013-01-15,-0.09512615577495741
1464,2013-01-14,-0.11424541607898497
1465,2013-01-11,-0.15530481115812625
1466,2013-01-10,-0.13054380191192638
1467,2013-01-09,-0.13148409340228845
1468,2013-01-08,-0.14558846575771872
1469,2013-01-07,-0.13430496787337437
1470,2013-01-04,-0.1324243848926505
1471,2013-01-03,-0.13273781538943777
1472,2013-01-02,-0.10860366713681291
1473,2012-12-31,-0.09261871180065877
1474,2012-12-28,-0.12490205296975455
1475,2012-12-27,-0.11393198558219769
1476,2012-12-26,-0.13148409340228845
1477,2012-12-24,-0.09982761322676742
1478,2012-12-21,-0.11800658204043295
1479,2012-12-20,-0.12239460899545568
1480,2012-12-19,-0.12427519197617978
1481,2012-12-18,-0.10954395862717474
1482,2012-12-17,-0.10014104372355492
1483,2012-12-14,-0.11330512458862292
1484,2012-12-13,-0.17160319699106766
1485,2012-12-12,-0.11832001253722044
1486,2012-12-11,-0.0985738912396181
1487,2012-12-10,-0.1154991380661343
1488,2012-12-07,-0.12396176147939228
1489,2012-12-06,-0.1173797210468584
1490,2012-12-05,-0.12333490048581773
1491,2012-12-04,-0.1255289139633291
1492,2012-12-03,-0.0970067387556815
1493,2012-11-30,-0.11393198558219769
1494,2012-11-29,-0.1120514026014736
1495,2012-11-28,-0.08133521391631464
1496,2012-11-27,-0.11926030402758249
1497,2012-11-26,-0.11455884657577226
1498,2012-11-23,-0.13461839837016187
1499,2012-11-21,-0.12427519197617978
1500,2012-11-20,-0.1136185550854102
1501,2012-11-19,-0.09324557279423332
1502,2012-11-16,-0.09826359504779858
1503,2012-11-15,-0.13493182886694924
1504,2012-11-14,-0.13806613383482266
1505,2012-11-13,-0.10972261401034365
1506,2012-11-12,-0.09543958627174469
1507,2012-11-09,-0.12866321893120253
1508,2012-11-08,-0.110484250117537
1509,2012-11-07,-0.10296191819464084
1510,2012-11-06,-0.10296191819464084
1511,2012-11-05,-0.0666039805673097
1512,2012-11-02,-0.1309136498981356
1513,2012-11-01,-0.08868829337094547
1514,2012-10-31,-0.1063657733897513
1515,2012-10-26,-0.12458862247296716
1516,2012-10-25,-0.12866321893120253
1517,2012-10-24,-0.1543645196677641
1518,2012-10-23,-0.08823068484563591
1519,2012-10-22,-0.12427519197617967
1520,2012-10-19,-0.12270803949224307
1521,2012-10-18,-0.14966306221595407
1522,2012-10-17,-0.1020498354489897
1523,2012-10-16,-0.10766337564645097
1524,2012-10-15,-0.1408870083059087
1525,2012-10-12,-0.14120043880269598
1526,2012-10-11,-0.13994671681554666
1527,2012-10-10,-0.11957373452436976
1528,2012-10-09,-0.14339445228020734
1529,2012-10-08,-0.10766337564645086
1530,2012-10-05,-0.14527503526093133
1531,2012-10-04,-0.13869299482839734
1532,2012-10-03,-0.1339915373765872
1533,2012-10-02,-0.1035887791882155
1534,2012-10-01,-0.1305438019119265
1535,2012-09-28,-0.10264848769785345
1536,2012-09-27,-0.09669330825889412
1537,2012-09-26,-0.1239617614793925
1538,2012-09-25,-0.14997649271274147
1539,2012-09-24,-0.08384265789061328
1540,2012-09-21,-0.15373765867418954
1541,2012-09-20,-0.12082745651151909
1542,2012-09-19,-0.11832001253722033
1543,2012-09-18,-0.13681241184767323
1544,2012-09-17,-0.11393198558219769
1545,2012-09-14,-0.10766337564645086
1546,2012-09-13,-0.09136498981350932
1547,2012-09-12,-0.10797680614323814
1548,2012-09-11,-0.11863344303400772
1549,2012-09-10,-0.17724494593323972
1550,2012-09-07,-0.09481272527817003
1551,2012-09-06,-0.10264848769785345
1552,2012-09-05,-0.12208117849866841
1553,2012-09-04,-0.13179752389907584
1554,2012-08-31,-0.12270803949224307
1555,2012-08-30,-0.1258423444601165
1556,2012-08-29,-0.12239460899545568
1557,2012-08-28,-0.11079768061432417
1558,2012-08-27,-0.1590659771195742
1559,2012-08-24,-0.1374392728412479
1560,2012-08-23,-0.09700673875568139
1561,2012-08-22,-0.0904246983231474
1562,2012-08-21,-0.13461839837016187
1563,2012-08-20,-0.13994671681554655
1564,2012-08-17,-0.12866321893120242
1565,2012-08-16,-0.09575301676853207
1566,2012-08-15,-0.11957373452436976
1567,2012-08-14,-0.16157342109387285
1568,2012-08-13,-0.07349945149663109
1569,2012-08-10,-0.1001410437235547
1570,2012-08-09,-0.12333490048581773
1571,2012-08-08,-0.14527503526093133
1572,2012-08-07,-0.07349945149663109
1573,2012-08-06,-0.09732016925246878
1574,2012-08-03,-0.10829023664002552
1575,2012-08-02,-0.14308102178341997
1576,2012-08-01,-0.1744240714621537
1577,2012-07-31,-0.12364833098260501
1578,2012-07-30,-0.18758815232722192
1579,2012-07-27,-0.09481272527817003
1580,2012-07-26,-0.17536436295251573
1581,2012-07-25,-0.15028992320952883
1582,2012-07-24,-0.14558846575771872
1583,2012-07-23,-0.1321109543958632
1584,2012-07-20,-0.12866321893120253
1585,2012-07-19,-0.1339915373765871
1586,2012-07-18,-0.0970067387556815
1587,2012-07-17,-0.17160319699106766
1588,2012-07-16,-0.06848456354803369
1589,2012-07-13,-0.07976806143237782
1590,2012-07-12,-0.07569346497414234
1591,2012-07-11,-0.12176774800188102
1592,2012-07-10,-0.12834978843441514
1593,2012-07-09,-0.10264848769785356
1594,2012-07-06,-0.11988716502115704
1595,2012-07-05,-0.10672308415608882
1596,2012-07-03,-0.11800658204043306
1597,2012-07-02,-0.14966306221595418
1598,2012-06-29,-0.1672151700360449
1599,2012-06-28,-0.13524525936373652
1600,2012-06-27,-0.11800658204043295
1601,2012-06-26,-0.1336781068797998
1602,2012-06-25,-0.145901896254506
1603,2012-06-22,-0.08274565115185771
1604,2012-06-21,-0.1847672778561359
1605,2012-06-20,-0.11111111111111155
1606,2012-06-19,-0.11769315154364567
1607,2012-06-18,-0.060335370631562975
1608,2012-06-15,-0.1035887791882155
1609,2012-06-14,-0.14464817426735666
1610,2012-06-13,-0.11299169409183565
1611,2012-06-12,-0.10640965365930154
1612,2012-06-11,-0.15718539413885013
1613,2012-06-08,-0.0816486444131019
1614,2012-06-07,-0.1474690487384427
1615,2012-06-06,-0.08791725434884864
1616,2012-06-05,-0.11769315154364567
1617,2012-06-04,-0.12458862247296716
1618,2012-06-01,-0.13179752389907595
1619,2012-05-31,-0.13775270333803527
1620,2012-05-30,-0.14088700830590858
1621,2012-05-29,-0.06723084156088437
1622,2012-05-25,-0.13085723240871389
1623,2012-05-24,-0.1490362012223794
1624,2012-05-23,-0.10546936216893948
1625,2012-05-22,-0.09826046074283083
1626,2012-05-21,-0.08258893590346385
1627,2012-05-18,-0.14527503526093144
1628,2012-05-17,-0.1427675912866327
1629,2012-05-16,-0.1324243848926505
1630,2012-05-15,-0.1459018962545061
1631,2012-05-14,-0.1781852374236019
1632,2012-05-11,-0.1274094969440532
1633,2012-05-10,-0.12020059551794432
1634,2012-05-09,-0.1274094969440532
1635,2012-05-08,-0.19228960977903192
1636,2012-05-07,-0.1039022096850029
1637,2012-05-04,-0.13148409340228867
1638,2012-05-03,-0.16533458705532084
1639,2012-05-02,-0.10609622316251427
1640,2012-05-01,-0.09951418272998015
1641,2012-04-30,-0.12427519197617978
1642,2012-04-27,-0.12803635793762774
1643,2012-04-26,-0.10327534869142813
1644,2012-04-25,-0.09355900329102082
1645,2012-04-24,-0.11988716502115704
1646,2012-04-23,-0.14872277072559204
1647,2012-04-20,-0.11926030402758249
1648,2012-04-19,-0.10703651465287631
1649,2012-04-18,-0.10202162670427903
1650,2012-04-17,-0.12584234446011638
1651,2012-04-16,-0.15624510264848807
1652,2012-04-13,-0.13085723240871366
1653,2012-04-12,-0.13023037141513935
1654,2012-04-11,-0.12458862247296705
1655,2012-04-10,-0.14151386929948326
1656,2012-04-09,-0.14966306221595418
1657,2012-04-05,-0.1393198558219721
1658,2012-04-04,-0.12834978843441525
1659,2012-04-03,-0.07882776994201598
1660,2012-04-02,-0.14339445228020734
1661,2012-03-30,-0.12866321893120253
1662,2012-03-29,-0.14684218774486804
1663,2012-03-28,-0.11769315154364567
1664,2012-03-27,-0.09543958627174469
1665,2012-03-26,-0.06315624510264911
1666,2012-03-23,-0.1255289139633291
1667,2012-03-22,-0.13775270333803527
1668,2012-03-21,-0.11330512458862292
1669,2012-03-20,-0.12051402601473159
1670,2012-03-19,-0.12866321893120253
1671,2012-03-16,-0.10672308415608882
1672,2012-03-15,-0.12866321893120253
1673,2012-03-14,-0.14214073029305802
1674,2012-03-13,-0.13305124588622505
1675,2012-03-12,-0.07851433944522848
1676,2012-03-09,-0.0716188685159071
1677,2012-03-08,-0.12114088700830636
1678,2012-03-07,-0.11988716502115704
1679,2012-03-06,-0.12427519197617978
1680,2012-03-05,-0.13806613383482255
1681,2012-03-02,-0.13117066290550117
1682,2012-03-01,-0.09167842031029672
1683,2012-02-29,-0.1324243848926507
1684,2012-02-28,-0.11455884657577226
1685,2012-02-27,-0.11330512458862292
1686,2012-02-24,-0.13493182886694913
1687,2012-02-23,-0.09888732173640538
1688,2012-02-22,-0.12866321893120253
1689,2012-02-21,-0.13148409340228845
1690,2012-02-17,-0.08917097633599808
1691,2012-02-16,-0.0985738912396181
1692,2012-02-15,-0.10421564018179016
1693,2012-02-14,-0.07506660398056769
1694,2012-02-13,-0.12176774800188113
1695,2012-02-10,-0.15624510264848807
1696,2012-02-09,-0.10170819620749152
1697,2012-02-08,-0.10954395862717496
1698,2012-02-07,-0.12615577495690378
1699,2012-02-06,-0.09794703024604344
1700,2012-02-03,-0.09669330825889412
1701,2012-02-02,-0.10327534869142813
1702,2012-02-01,-0.1039022096850029
1703,2012-01-31,-0.145901896254506
1704,2012-01-30,-0.11737972104685829
1705,2012-01-27,-0.09387243378780809
1706,2012-01-26,-0.09261871180065866
1707,2012-01-25,-0.09794703024604344
1708,2012-01-24,-0.0951261557749573
1709,2012-01-23,-0.12114088700830636
1710,2012-01-20,-0.12929007992477706
1711,2012-01-19,-0.13336467638301253
1712,2012-01-18,-0.11612599905970906
1713,2012-01-17,-0.1205140260147317
1714,2012-01-13,-0.2957216737188533
1715,2012-01-12,-0.12709606644726582
1716,2012-01-11,-0.10076790471712947
1717,2012-01-10,-0.11424541607898497
1718,2012-01-09,-0.1120514026014736
1719,2012-01-06,-0.1289766494279898
1720,2012-01-05,-0.13994671681554666
1721,2012-01-04,-0.1355586898605239
1722,2012-01-03,-0.14684218774486815
1723,2011-12-30,-0.11769315154364567
1724,2011-12-29,-0.1154991380661343
1725,2011-12-28,-0.13493182886694913
1726,2011-12-27,-0.09136498981350932
1727,2011-12-23,-0.12302146998903046
1728,2011-12-22,-0.11455884657577237
1729,2011-12-21,-0.1305438019119265
1730,2011-12-20,-0.12458862247296716
1731,2011-12-19,-0.1305438019119265
1732,2011-12-16,-0.14464817426735666
1733,2011-12-15,-0.12145431750509375
1734,2011-12-14,-0.15028992320952872
1735,2011-12-13,-0.15499138066133886
1736,2011-12-12,-0.12082745651151909
1737,2011-12-09,-0.10421564018179016
1738,2011-12-08,-0.11832001253722033
1739,2011-12-07,-0.13367810687980003
1740,2011-12-06,-0.0988873217364056
1741,2011-12-05,-0.091991850807084
1742,2011-12-02,-0.10515593167215222
1743,2011-12-01,-0.11894687353079499
1744,2011-11-30,-0.11236483309826088
1745,2011-11-29,-0.14308102178342008
1746,2011-11-28,-0.10233505720106607
1747,2011-11-25,-0.11643942955649635
1748,2011-11-23,-0.12960351042156457
1749,2011-11-22,-0.11017081962074962
1750,2011-11-21,-0.14120043880269587
1751,2011-11-18,-0.1524839366870401
1752,2011-11-17,-0.14558846575771872
1753,2011-11-16,-0.07412631249020575
1754,2011-11-15,-0.08823068484563602
1755,2011-11-14,-0.11299169409183565
1756,2011-11-11,-0.06535025858016028
1757,2011-11-10,-0.10766337564645097
1758,2011-11-09,-0.11957373452436976
1759,2011-11-08,-0.10515593167215222
1760,2011-11-07,-0.13148409340228856
1761,2011-11-04,-0.09324557279423332
1762,2011-11-03,-0.042783262811472
1763,2011-11-02,-0.1289766494279898
1764,2011-11-01,-0.10452907067857756
1765,2011-10-31,-0.12396176147939239
1766,2011-10-28,-0.07694718696129178
1767,2011-10-27,-0.10672308415608882
1768,2011-10-26,-0.12646920545369114
1769,2011-10-25,-0.11926030402758238
1770,2011-10-24,-0.0985738912396181
1771,2011-10-21,-0.1001410437235547
1772,2011-10-20,-0.12302146998903046
1773,2011-10-19,-0.1339915373765872
1774,2011-10-18,-0.08729039335527397
1775,2011-10-17,-0.1336781068797998
1776,2011-10-14,-0.11832001253722033
1777,2011-10-13,-0.11017081962074951
1778,2011-10-12,-0.10264848769785345
1779,2011-10-11,-0.11675286005328372
1780,2011-10-10,-0.10202162670427879
1781,2011-10-07,-0.11957373452436976
1782,2011-10-06,-0.0700517160319704
1783,2011-10-05,-0.07788747845165384
1784,2011-10-04,-0.10829023664002552
1785,2011-10-03,-0.15812568562921217
1786,2011-09-30,-0.13273781538943788
1787,2011-09-29,-0.17003604450713095
1788,2011-09-28,-0.16408086506817163
1789,2011-09-27,-0.11393198558219758
1790,2011-09-26,-0.15123021469989079
1791,2011-09-23,-0.091991850807084
1792,2011-09-22,-0.12020059551794443
1793,2011-09-21,-0.12302146998903035
1794,2011-09-20,-0.11894687353079499
1795,2011-09-19,-0.09418586428459536
1796,2011-09-16,-0.08791725434884864
1797,2011-09-15,-0.11236483309826088
1798,2011-09-14,-0.117066290550071
1799,2011-09-13,-0.08635010186491204
1800,2011-09-12,-0.11534242281774065
1801,2011-09-09,-0.1324243848926506
1802,2011-09-08,-0.11894687353079499
1803,2011-09-07,-0.10578279266572688
1804,2011-09-06,-0.10609622316251416
1805,2011-09-02,-0.13837956433160994
1806,2011-09-01,-0.1405735778091213
1807,2011-08-31,-0.12176774800188113
1808,2011-08-30,-0.11581256856292169
1809,2011-08-29,-0.10452907067857745
1810,2011-08-26,-0.08791725434884864
1811,2011-08-25,-0.14370788277699473
1812,2011-08-24,-0.09575301676853207
1813,2011-08-23,-0.08760382385206125
1814,2011-08-22,-0.15624510264848818
1815,2011-08-19,-0.16878232251998163
1816,2011-08-18,-0.14308102178341997
1817,2011-08-17,-0.13743927284124802
1818,2011-08-16,-0.12082745651151898
1819,2011-08-15,-0.1321109543958632
1820,2011-08-12,-0.09763359974925617
1821,2011-08-11,-0.08039492242595248
1822,2011-08-10,-0.17066290550070573
1823,2011-08-09,-0.09136498981350932
1824,2011-08-08,-0.10296191819464084
1825,2011-08-05,-0.14339445228020734
1826,2011-08-04,-0.17505093245572848
1827,2011-08-03,-0.12929007992477717
1828,2011-08-02,-0.16220028208744763
1829,2011-08-01,-0.11675286005328372
1830,2011-07-29,-0.10829023664002552
1831,2011-07-28,-0.10202162670427879
1832,2011-07-27,-0.14684218774486804
1833,2011-07-26,-0.12960351042156446
1834,2011-07-25,-0.13618555085409867
1835,2011-07-22,-0.10139476571070413
1836,2011-07-21,-0.12646920545369114
1837,2011-07-20,-0.09826046074283072
1838,2011-07-19,-0.11017081962074951
1839,2011-07-18,-0.12333490048581773
1840,2011-07-15,-0.12646920545369114
1841,2011-07-14,-0.14872277072559215
1842,2011-07-13,-0.11330512458862292
1843,2011-07-12,-0.12615577495690378
1844,2011-07-11,-0.12145431750509364
1845,2011-07-08,-0.15373765867418954
1846,2011-07-07,-0.10139476571070413
1847,2011-07-06,-0.1255289139633291
1848,2011-07-05,-0.11612599905970895
1849,2011-07-01,-0.12145431750509375
1850,2011-06-30,-0.10014104372355481
1851,2011-06-29,-0.12646920545369114
1852,2011-06-28,-0.10985738912396223
1853,2011-06-27,-0.12834978843441514
1854,2011-06-24,-0.12223789374706205
1855,2011-06-23,-0.10390220968500279
1856,2011-06-22,-0.12490205296975444
1857,2011-06-21,-0.07945463093559044
1858,2011-06-20,-0.12866321893120242
1859,2011-06-17,-0.13148409340228856
1860,2011-06-16,-0.15655853314527557
1861,2011-06-15,-0.15499138066133886
1862,2011-06-14,-0.11800658204043295
1863,2011-06-13,-0.10860366713681291
1864,2011-06-10,-0.10923052813038757
1865,2011-06-09,-0.11393198558219758
1866,2011-06-08,-0.1612599905970856
1867,2011-06-07,-0.13775270333803527
1868,2011-06-06,-0.1324243848926506
1869,2011-06-03,-0.11424541607898497
1870,2011-06-02,-0.11236483309826088
1871,2011-06-01,-0.16636890769471918
1872,2011-05-31,-0.10578279266572688
1873,2011-05-27,-0.11957373452436965
1874,2011-05-26,-0.09920075223319276
1875,2011-05-25,-0.054693621689390806
1876,2011-05-24,-0.12929007992477717
1877,2011-05-23,-0.14496160476414405
1878,2011-05-20,-0.12897664942798992
1879,2011-05-19,-0.08321579689703862
1880,2011-05-18,-0.1120514026014736
1881,2011-05-17,-0.1524839366870401
1882,2011-05-16,-0.16345400407459684
1883,2011-05-13,-0.1339915373765872
1884,2011-05-12,-0.10108133521391675
1885,2011-05-11,-0.15530481115812614
1886,2011-05-10,-0.117066290550071
1887,2011-05-09,-0.09136498981350932
1888,2011-05-06,-0.11299169409183554
1889,2011-05-05,-0.14370788277699462
1890,2011-05-04,-0.12270803949224307
1891,2011-05-03,-0.1358721203573112
1892,2011-05-02,-0.12458862247296716
1893,2011-04-29,-0.12270803949224307
1894,2011-04-28,-0.10139476571070413
1895,2011-04-27,-0.11518570756934703
1896,2011-04-26,-0.11142454160789894
1897,2011-04-25,-0.12960351042156446
1898,2011-04-21,-0.09199185080708411
1899,2011-04-20,-0.11832001253722033
1900,2011-04-19,-0.12302146998903046
1901,2011-04-18,-0.12302146998903035
1902,2011-04-15,-0.12208117849866841
1903,2011-04-14,-0.11142454160789894
1904,2011-04-13,-0.12615577495690378
1905,2011-04-12,-0.13336467638301253
1906,2011-04-11,-0.1574988246356375
1907,2011-04-08,-0.15405108917097682
1908,2011-04-07,-0.10766337564645097
1909,2011-04-06,-0.1355586898605239
1910,2011-04-05,-0.09481272527817003
1911,2011-04-04,-0.15123021469989079
1912,2011-04-01,-0.14464817426735666
1913,2011-03-31,-0.08227550540667658
1914,2011-03-30,-0.1324243848926505
1915,2011-03-29,-0.1004544742203421
1916,2011-03-28,-0.10264848769785345
1917,2011-03-25,-0.10985738912396223
1918,2011-03-24,-0.11393198558219769
1919,2011-03-23,-0.11675286005328361
1920,2011-03-22,-0.13681241184767323
1921,2011-03-21,-0.12991694091835185
1922,2011-03-18,-0.12709606644726582
1923,2011-03-17,-0.13336467638301253
1924,2011-03-16,-0.12114088700830636
1925,2011-03-15,-0.09637987776210674
1926,2011-03-14,-0.13775270333803527
1927,2011-03-11,-0.11299169409183565
1928,2011-03-10,-0.13336467638301253
1929,2011-03-09,-0.11800658204043306
1930,2011-03-08,-0.11800658204043306
1931,2011-03-07,-0.11957373452436965
1932,2011-03-04,-0.10515593167215222
1933,2011-03-03,-0.12364833098260512
1934,2011-03-02,-0.11361855508541031
1935,2011-03-01,-0.12333490048581773
1936,2011-02-28,-0.11518570756934692
1937,2011-02-25,-0.09481272527817003
1938,2011-02-24,-0.09637987776210674
1939,2011-02-23,-0.13085723240871389
1940,2011-02-22,-0.15154364519667807
1941,2011-02-18,-0.12458862247296705
1942,2011-02-17,-0.1521705061902527
1943,2011-02-16,-0.06879799404482106
1944,2011-02-15,-0.12521548346654182
1945,2011-02-14,-0.13743927284124802
1946,2011-02-11,-0.11988716502115704
1947,2011-02-10,-0.12129760225670011
1948,2011-02-09,-0.14872277072559204
1949,2011-02-08,-0.09763359974925617
1950,2011-02-07,-0.1258423444601165
1951,2011-02-04,-0.11926030402758238
1952,2011-02-03,-0.1258423444601165
1953,2011-02-02,-0.12678263595047842
1954,2011-02-01,-0.1324243848926505
1955,2011-01-31,-0.11832001253722033
1956,2011-01-28,-0.14715561824165532
1957,2011-01-27,-0.11424541607898486
1958,2011-01-26,-0.11863344303400772
1959,2011-01-25,-0.11894687353079499
1960,2011-01-24,-0.08979783732957274
1961,2011-01-21,-0.12239460899545579
1962,2011-01-20,-0.16408086506817163
1963,2011-01-19,-0.15875254662278682
1964,2011-01-18,-0.11487227707255963
1965,2011-01-14,-0.1324243848926505
1966,2011-01-13,-0.14308102178342008
1967,2011-01-12,-0.12145431750509375
1968,2011-01-11,-0.170976335997493
1969,2011-01-10,-0.11111111111111166
1970,2011-01-07,-0.112364833098261
1971,2011-01-06,-0.08697696285848658
1972,2011-01-05,-0.1089170976336003
1973,2011-01-04,-0.11957373452436965
1974,2011-01-03,-0.12678263595047842
1975,2010-12-31,-0.11800658204043306
1976,2010-12-30,-0.1574988246356375
1977,2010-12-29,-0.09794703024604344
1978,2010-12-28,-0.10233505720106618
1979,2010-12-27,-0.19733584077730812
1980,2010-12-23,-0.15655853314527557
1981,2010-12-22,-0.10797680614323814
1982,2010-12-21,-0.1054693621689396
1983,2010-12-20,-0.11800658204043306
1984,2010-12-17,-0.11926030402758238
1985,2010-12-16,-0.09449929478138275
1986,2010-12-15,-0.09073812881993468
1987,2010-12-14,-0.17505093245572836
1988,2010-12-13,-0.15405108917097682
1989,2010-12-10,-0.13649898135088584
1990,2010-12-09,-0.1343049678733746
1991,2010-12-08,-0.12333490048581773
1992,2010-12-07,-0.08635010186491193
1993,2010-12-06,-0.15248393668704022
1994,2010-12-03,-0.13618555085409856
1995,2010-12-02,-0.17191662748785494
1996,2010-12-01,-0.1675286005328322
1997,2010-11-30,-0.07005171603197051
1998,2010-11-29,-0.1538066133834827
1999,2010-11-26,-0.12866321893120253
2000,2010-11-24,-0.11361855508541042
2001,2010-11-23,-0.07976806143237782
2002,2010-11-22,-0.06252938410907435
2003,2010-11-19,-0.09387243378780809
2004,2010-11-18,-0.1443347437705694
2005,2010-11-17,-0.14214073029305802
2006,2010-11-16,-0.16157342109387285
2007,2010-11-15,-0.10170819620749141
2008,2010-11-12,-0.0700517160319704
2009,2010-11-11,-0.13759598808964163
2010,2010-11-10,0.03306691741106357
2011,2010-11-09,-0.13148409340228856
2012,2010-11-08,-0.10484250117536482
2013,2010-11-05,-0.13336467638301253
2014,2010-11-04,-0.04779815076006952
2015,2010-11-03,-0.10452907067857756
2016,2010-11-02,-0.13336467638301253
2017,2010-11-01,-0.13649898135088595
2018,2010-10-29,-0.09794703024604344
2019,2010-10-28,-0.12615577495690378
2020,2010-10-27,-0.12772292744084046
2021,2010-10-26,-0.10233505720106618
2022,2010-10-25,-0.12270803949224307
2023,2010-10-22,-0.11863344303400772
2024,2010-10-21,-0.1154991380661343
2025,2010-10-20,-0.10452907067857756
2026,2010-10-19,-0.12458862247296705
2027,2010-10-18,-0.1289766494279898
2028,2010-10-15,-0.13085723240871389
2029,2010-10-14,-0.12772292744084046
2030,2010-10-13,-0.12302146998903046
2031,2010-10-12,-0.11863344303400772
2032,2010-10-11,-0.1261557749569039
2033,2010-10-08,-0.11988716502115704
2034,2010-10-07,-0.12427519197617978
2035,2010-10-06,-0.13869299482839723
2036,2010-10-05,-0.12082745651151898
2037,2010-10-04,-0.10233505720106618
2038,2010-10-01,-0.12270803949224307
2039,2010-09-30,-0.16987932925873733
2040,2010-09-29,-0.09512615577495741
2041,2010-09-28,-0.10860366713681291
2042,2010-09-27,-0.11581256856292158
2043,2010-09-24,-0.11518570756934692
2044,2010-09-23,-0.13023037141513924
2045,2010-09-22,-0.15123021469989079
2046,2010-09-21,-0.12364833098260512
2047,2010-09-20,-0.10782009089484461
2048,2010-09-17,-0.14464817426735666
2049,2010-09-16,-0.15781225513242478
2050,2010-09-15,-0.08854411534242329
2051,2010-09-14,-0.10170819620749141
2052,2010-09-13,-0.12521548346654182
2053,2010-09-10,-0.13806613383482255
2054,2010-09-09,-0.1289766494279898
2055,2010-09-08,-0.112364833098261
2056,2010-09-07,-0.12208117849866841
2057,2010-09-03,-0.11424541607898497
2058,2010-09-02,-0.09826046074283083
2059,2010-09-01,-0.09387243378780809
2060,2010-08-31,-0.1255289139633291
2061,2010-08-30,-0.11455884657577226
2062,2010-08-27,-0.12145431750509375
2063,2010-08-26,-0.12427519197617978
2064,2010-08-25,-0.09669330825889412
2065,2010-08-24,-0.12145431750509375
2066,2010-08-23,-0.08729039335527397
2067,2010-08-20,-0.10578279266572677
2068,2010-08-19,-0.1120514026014736
2069,2010-08-18,-0.14558846575771872
2070,2010-08-17,-0.11393198558219769
2071,2010-08-16,-0.10954395862717485
2072,2010-08-13,-0.1154991380661343
2073,2010-08-12,-0.12615577495690378
2074,2010-08-11,-0.14464817426735677
2075,2010-08-10,-0.13931985582197187
2076,2010-08-09,-0.12929007992477706
2077,2010-08-06,-0.1358721203573113
2078,2010-08-05,-0.15405108917097682
2079,2010-08-04,-0.14151386929948326
2080,2010-08-03,-0.09011126782636
2081,2010-08-02,-0.10672308415608882
2082,2010-07-30,-0.12803635793762774
2083,2010-07-29,-0.13305124588622516
2084,2010-07-28,-0.11455884657577237
2085,2010-07-27,-0.13117066290550117
2086,2010-07-26,-0.13712584234446062
2087,2010-07-23,-0.11675286005328372
2088,2010-07-22,-0.10421564018179016
2089,2010-07-21,-0.13367810687979992
2090,2010-07-20,-0.16846889202319437
2091,2010-07-19,-0.10296191819464084
2092,2010-07-16,-0.12176774800188102
2093,2010-07-15,-0.12145431750509375
2094,2010-07-14,-0.060335370631562975
2095,2010-07-13,-0.09649898135088586
2096,2010-07-12,-0.14809590973201736
2097,2010-07-09,-0.1255289139633291
2098,2010-07-08,-0.07851433944522848
2099,2010-07-07,-0.13869299482839723
2100,2010-07-06,-0.24181162827143132
2101,2010-07-02,-0.2389907538003453
2102,2010-07-01,-0.21517003604450757
2103,2010-06-30,-0.18131954239147519
2104,2010-06-29,0.033380347907850966
